,T0,thalf,KD,y_test,y_pred
0,0.2946764759962199,1.013242383388047,0.0011358345577668516,1.0,1.0
1,0.090152299,261.715366,0.011404886,1.0,1.0
2,1.10706362,26.30506077,0.22113122,1.0,1.0
3,0.12951478666776028,0.05676224822344517,0.0020998727537551503,1.0,1.0
4,43.85477057,0.457042884,1.792703081,0.0,0.0
5,1.501610888,0.030543067,304.1727203,0.0,0.0
6,0.196917938,3.864240941,213.856928,0.0,0.0
7,0.022885214386552086,131.89871061081874,0.014786856047922568,1.0,1.0
8,196.0059676,1.213511841,0.33612982,0.0,0.0
9,0.0244270485732744,0.10780560813699394,0.6361889824906198,1.0,1.0
10,42.785918,0.743378558,0.007341695,0.0,0.0
11,0.008565502,42.92066578,0.718500619,1.0,1.0
12,0.004488798,153.7758756,0.134967951,1.0,1.0
13,0.176154491,76.02199008,1.55780626,1.0,1.0
14,4.402364156,10.83074875,52.02341936,0.0,0.0
15,2.863578553,9.532214704,5.657318229,1.0,1.0
16,508.8834187,30.49542419,0.052143568,0.0,0.0
17,0.002500794633157305,0.020477640825641387,0.0016773429408475757,1.0,1.0
18,64.47470277,0.378938625,108.5424552,0.0,0.0
19,117.3262568,40.16435212,0.010834954,0.0,0.0
20,0.002696993,0.02061665,0.145012765,1.0,1.0
21,0.001058175,3.954689952,0.001470314,1.0,1.0
22,0.002387132,74.12438108,0.010741287,1.0,1.0
23,16.98392079,6.113970843,3.429648945,0.0,0.0
24,862.6640157,1.666677002,35.52559945,0.0,0.0
25,15.47511509,214.3557473,114.0563818,0.0,0.0
26,194.3954195,2.819691237,0.002482669,0.0,0.0
27,5.177217237,0.089487695,340.2201882,0.0,0.0
28,0.002552511,77.37613331,944.1416176,0.0,0.0
29,0.8096377366804275,0.03749201095522132,0.3786606653002005,1.0,1.0
30,0.001854106,55.79243889,87.40068365,0.0,0.0
31,0.001098871,77.01871813,1.703248339,1.0,1.0
32,0.011444394,22.0332744,0.798801638,1.0,1.0
33,7.960193625,94.96215205,127.3637792,0.0,0.0
34,255.733457,5.035584882,0.003150054,0.0,0.0
35,3.041980058,0.069463322,0.009470714,0.0,0.0
36,27.83009958,1.969444727,0.057034124,0.0,0.0
37,0.007228198,2.876200333,160.5291897,0.0,0.0
38,0.617174707,11.85475038,0.001742377,1.0,1.0
39,0.631405896,4.86934683,174.9909539,0.0,0.0
40,0.154239266,0.186418395,47.25399953,0.0,0.0
41,0.261076128,6.495029356,0.001643449,1.0,1.0
42,0.083023533,61.50389732,0.264984993,1.0,1.0
43,27.10288958,102.1617846,6.534943489,1.0,1.0
44,22.44711132,32.97862231,0.136531973,1.0,1.0
45,0.020154839,0.985394448,0.148643899,1.0,1.0
46,0.008637974,0.034038577,0.006888463,1.0,1.0
47,0.001791587,0.026440591,0.237255991,1.0,1.0
48,0.012667569581836177,0.10623130769761764,0.49847699159808667,1.0,1.0
49,0.004923838,7.3488026,0.888900939,1.0,1.0
50,0.002185326,0.041007409,0.006286829,1.0,1.0
51,18.998715683074817,103.16891427985661,0.057866108693802557,1.0,1.0
52,0.3238498514330144,169.02028244000385,0.019061007885687625,1.0,1.0
53,0.018606586737378937,5.148802691323759,0.008998516073899234,1.0,1.0
54,633.0341513,3.322547238,0.301440633,0.0,0.0
55,0.003901213,2.535068667,0.43140422,1.0,1.0
56,46.27522146,1.476032839,1.258878704,0.0,0.0
57,69.86953463,0.7597119,0.911299519,0.0,0.0
58,0.012643615,0.024812747,0.101118982,1.0,1.0
59,0.022911259,0.072175118,21.49575701,0.0,0.0
60,0.082742768,115.2744631,680.3702606,0.0,0.0
61,36.7228084,0.059922647,5.838326281,0.0,0.0
62,316.3310852,42.41274356,0.003342887,0.0,0.0
63,16.4323852,0.43870534,85.5310851,0.0,0.0
64,0.003252917,24.5142705,0.050668587,1.0,1.0
65,0.007762071,207.2849095,0.008193209,1.0,1.0
66,18.44015637,73.34859159,50.3000285,0.0,0.0
67,266.3908681,0.626733047,236.3338394,0.0,0.0
68,1.003769921,0.328844387,124.8871035,0.0,0.0
69,32.16348932,4.732072797,1.383423166,0.0,0.0
70,5.765917285,6.473680358,3.296461115,1.0,1.0
71,0.012427428,4.549864294,0.171487342,1.0,1.0
72,0.0742441227111452,18.79001025418734,0.015754961628116765,1.0,1.0
73,17.78914817,0.672751589,103.2251009,0.0,0.0
74,0.001582537,13.73386438,0.20858119,1.0,1.0
75,223.2338276,0.066995655,0.433177311,0.0,0.0
76,0.006871526,205.0131351,0.30621882,1.0,1.0
77,0.03492304861719307,3.661498580788981,0.020558487855744153,1.0,1.0
78,146.805919,0.186248324,370.1824176,0.0,0.0
79,0.010524659,104.0810029,22.96470588,0.0,0.0
80,0.035414278,0.021201239,150.8356887,0.0,0.0
81,3.467638181,0.027771879,0.140474569,0.0,0.0
82,2.750522436,5.211796576,0.011278734,1.0,1.0
83,912.5650874,26.20836005,7.44647191,0.0,0.0
84,0.001983454,1.887730221,0.38079532,1.0,1.0
85,339.6254174,0.703599509,0.073375112,0.0,0.0
86,130.3318721,5.258932902,0.008063557,0.0,0.0
87,0.024106157,9.045110798,12.33044637,0.0,0.0
88,0.0124424,15.45003854,0.001035814,1.0,1.0
89,1.389327906,0.084137412,18.18325802,0.0,0.0
90,6.769156116880293,86.24188546654229,3.448626501758217,1.0,1.0
91,6.207582844,0.067827786,0.110875844,0.0,0.0
92,85.33414817,0.415387356,0.064550256,0.0,0.0
93,29.03953294,0.05204045,0.006326739,0.0,0.0
94,0.001144538,3.384968476,733.5303411,0.0,0.0
95,0.005689013,0.192777114,0.032228168,1.0,1.0
96,5.66397203215595,232.06958266229336,3.8693035774751303,1.0,1.0
97,0.0015608502893077793,0.15072234993837527,1.6714342456650133,1.0,1.0
98,15.222006985157808,33.350745479998594,1.1501672052376413,1.0,1.0
99,10.58438483,0.056336603,2.298326852,0.0,0.0
100,362.1910146,144.0461358,892.9711997,0.0,0.0
101,0.958121843,102.05905,0.043257741,1.0,1.0
102,0.004629104154050613,1.8756236412847116,0.003718294713392526,1.0,1.0
103,0.046876461,0.03850198,840.2459502,0.0,0.0
104,25.3454255,1.399788171,33.12081577,0.0,0.0
105,0.019337575,0.057817776,5.364691873,1.0,1.0
106,0.215553231,0.723777979,0.042750278,1.0,1.0
107,867.5876785,2.913174756,746.7755151,0.0,0.0
108,0.013778038,0.469043095,18.7674016,0.0,0.0
109,0.027855813,0.157279194,33.15951075,0.0,0.0
110,3.696265647,47.38112393,0.002026871,1.0,1.0
111,14.54201066,0.058139309,0.050805263,0.0,0.0
112,0.003548252,30.36056489,951.17232,0.0,0.0
113,0.014585495215164604,0.04589118922793469,0.005287644030403089,1.0,1.0
114,63.1143104,48.71732392,53.40912195,0.0,0.0
115,0.921732905,0.045658061,0.068895411,1.0,1.0
116,2.571384778,13.06349763,5.083884453,1.0,1.0
117,0.002357995021937424,0.019272453300181732,0.0011464234641925333,1.0,1.0
118,0.007856518,0.283279529,775.738627,0.0,0.0
119,345.4505686,58.42899446,4.417397863,0.0,0.0
120,34.762245647129205,54.32391976860397,0.015268361350100266,1.0,1.0
121,998.1313109,16.05060675,0.05227123,0.0,0.0
122,7.156729934,0.099324049,18.60655441,0.0,0.0
123,0.713308813,1.181547279,3.791142927,1.0,1.0
124,1.222168325,0.155759022,0.005391802,1.0,1.0
125,0.989920267,44.01712081,0.001990713,1.0,1.0
126,0.033914981,0.029950511,11.1179548,0.0,0.0
127,0.001972098,0.105677463,1.553027886,1.0,1.0
128,0.156073918,0.176596234,72.59080834,0.0,0.0
129,46.50956912,51.53766774,0.043161723,0.0,1.0
130,87.21369422,82.82718182,137.1749309,0.0,0.0
131,0.601948328,126.0234698,0.00143796,1.0,1.0
132,0.01918532546721521,2.1579347569611267,0.00584339177963765,1.0,1.0
133,3.886596698,0.168288913,47.33959658,0.0,0.0
134,0.014752377609768743,84.50980864529043,0.0308331365194327,1.0,1.0
135,1.393427211,4.118379861,0.003543618,1.0,1.0
136,41.00371358,10.01418634,0.535871873,0.0,0.0
137,101.6958233,0.147966147,0.003947633,0.0,0.0
138,0.003624415,0.044609375,58.69941988,0.0,0.0
139,59.22795777,0.610256461,0.080911095,0.0,0.0
140,0.007370676628944142,191.02994246018977,0.013104273154297798,1.0,1.0
141,0.193691334,2.071067347,0.002233904,1.0,1.0
142,4.811284371,9.267533738,1.067366363,1.0,1.0
143,0.269791106,0.930021248,0.001502832,1.0,1.0
144,3.885892178,0.216548891,0.006060193,0.0,0.0
145,67.49378319,122.8493297,0.377003375,1.0,1.0
146,0.054200933,0.210367578,0.042253244,1.0,1.0
147,0.6673100261438261,23.62767053785646,0.05068001420778913,1.0,1.0
148,1.781414061,2.243951249,0.427722316,1.0,1.0
149,1.525607068,10.01873427,0.585810868,1.0,1.0
150,0.227876616,17.12328933,0.001245023,1.0,1.0
151,95.31135766,47.51715738,0.003286978,0.0,0.0
152,0.376157028,0.169004221,0.024052363,1.0,1.0
153,0.004557456,7.563106036,9.234450197,0.0,0.0
154,0.031786468,101.8357585,0.027768911,1.0,1.0
155,7.805857483,0.411295956,0.883956323,0.0,0.0
156,0.001983204,14.08796994,791.9570594,0.0,0.0
157,0.04917421920578663,14.138436285212816,0.6223627460732812,1.0,1.0
158,71.84963101,154.2680331,339.8452248,0.0,0.0
159,0.083123081,0.242560726,5.895084852,1.0,1.0
160,124.3625223,17.78556391,1.113643121,0.0,0.0
161,0.9325777107466442,175.12844697246825,0.012552214554458412,1.0,1.0
162,0.007227904,0.227335078,0.001087161,1.0,1.0
163,12.71832353,2.693381334,0.016668764,0.0,0.0
164,0.001459241,2.794645617,0.006638908,1.0,1.0
165,73.00258072,0.071835798,1.18681331,0.0,0.0
166,0.001651177,0.973509045,0.014521147,1.0,1.0
167,0.001812731,0.584006281,0.060937165,1.0,1.0
168,0.006382545,0.451356117,0.060815747,1.0,1.0
169,0.011669112,35.97876241,142.9394687,0.0,0.0
170,0.762665493,113.7089575,65.75840328,0.0,0.0
171,781.7102483,62.27841882,0.012549971,0.0,0.0
172,2.313909979,0.582276561,7.729952694,0.0,1.0
173,0.004299679,0.138966085,0.477988745,1.0,1.0
174,0.145905209,53.97290103,90.07776061,0.0,0.0
175,12.47283221,0.038341463,16.47835573,0.0,0.0
176,0.00748675,12.72115716,738.9487223,0.0,0.0
177,0.022848854,5.045521981,2.212418447,1.0,1.0
178,0.007759315,0.122737489,2.641969477,1.0,1.0
179,0.389630066,235.5691326,0.5564405,1.0,1.0
180,18.61422476,0.031301679,0.06760218,0.0,0.0
181,966.0701719,2.038616037,0.180365727,0.0,0.0
182,0.002372203030363728,0.06551797265985271,0.04010677710159552,1.0,1.0
183,0.001950903,4.184046795,3.382117831,1.0,1.0
184,0.001925821,5.191889259,0.00527144,1.0,1.0
185,0.229194948,10.14127182,0.006672706,1.0,1.0
186,36.87317541,0.15439002,215.6961581,0.0,0.0
187,0.008228508,3.212870924,166.0945974,0.0,0.0
188,0.013442766990816191,2.520474762509623,0.006656101484419986,1.0,1.0
189,0.006790523,0.027860114,363.4690387,0.0,0.0
190,0.91244971,1.94740209,0.080049139,1.0,1.0
191,0.11477869,4.368008504,0.002823655,1.0,1.0
192,0.004693237662119418,2.5625546165099835,0.037439618497053725,1.0,1.0
193,1.078956059,22.86375833,2.565242695,1.0,1.0
194,0.27305952825468244,89.02738651199117,0.12418907605878608,1.0,1.0
195,739.4682335,7.058854551,567.8144668,0.0,0.0
196,332.9950997,10.33721929,0.392534048,0.0,0.0
197,20.87883735040565,30.91792939393691,0.10379393046123307,1.0,1.0
198,0.568142542,0.039233238,126.0563643,0.0,0.0
199,0.013455335,289.8682444,0.018978525,1.0,1.0
200,1.277397246,8.431182837,330.9668095,0.0,0.0
201,0.927004531,10.5276561,0.03928527,1.0,1.0
202,0.169254461,0.493030723,0.024526106,1.0,1.0
203,1.57681458,0.457251578,7.047788224,0.0,1.0
204,10.06617068,0.123815713,0.981127268,0.0,0.0
205,1.389148991,5.293903739,0.034288381,1.0,1.0
206,19.14177622,0.020597344,0.009091155,0.0,0.0
207,0.061961550375014315,130.16103104893017,0.09922793791646285,1.0,1.0
208,0.004074148,0.024207598,0.042578451,1.0,1.0
209,302.9200099,16.42304789,0.525602544,0.0,0.0
210,42.04552966,7.000765539,0.517984553,0.0,0.0
211,0.19603252199439108,292.6283636707922,0.13485794236266913,1.0,1.0
212,0.935362523,0.849993265,0.018471755,1.0,1.0
213,0.0023919777159709895,0.14834362669319776,0.00316559788778846,1.0,1.0
214,0.040671111,0.12629396,0.009369191,1.0,1.0
215,0.008062686,7.262412296,0.563387032,1.0,1.0
216,0.286928041,6.611867838,567.5723441,0.0,0.0
217,650.2758826,1.20608921,650.0455809,0.0,0.0
218,0.295473426,0.127924806,24.97200657,0.0,0.0
219,677.4603338,0.090049442,103.6175248,0.0,0.0
220,367.4262854,1.297905211,19.65372895,0.0,0.0
221,26.20117838,0.770406676,0.277738137,0.0,0.0
222,0.010176643,0.651423519,1.708560999,1.0,1.0
223,374.7130954,2.801378388,0.024457,0.0,0.0
224,0.264921239,0.842888242,219.64415,0.0,0.0
225,418.7093782,9.819392031,8.656279345,0.0,0.0
226,6.4174526505651945,12.875509174735452,0.4479775220923279,1.0,1.0
227,0.517220286,0.448022951,2.463030047,1.0,1.0
228,0.017686648,11.06595567,77.88433127,0.0,0.0
229,30.19078127,19.03985599,0.005998015,0.0,0.0
230,217.9986345,6.956177147,20.92605984,0.0,0.0
231,0.17003475727410988,0.31667343088450917,0.3114670788468361,1.0,1.0
232,0.037726332,1.923269866,0.001293216,1.0,1.0
233,0.01477963801580371,171.7528495641211,0.013618705310958844,1.0,1.0
234,0.076221102,3.634053452,0.04323581,1.0,1.0
235,0.003501569,0.143313579,0.001146782,1.0,1.0
236,0.016469245,19.84209464,0.605116503,1.0,1.0
237,4.858412501,65.1129866,41.14354785,0.0,0.0
238,0.015881909,0.037989645,5.322669475,1.0,1.0
239,0.0032901511648987555,1.8846474054089202,0.37353243542622727,1.0,1.0
240,0.025318352,38.45770628,8.068316723,1.0,1.0
241,0.176287164,1.302405623,0.001351805,1.0,1.0
242,3.591696045,1.416771847,299.9088963,0.0,0.0
243,3.38621051,0.028672198,22.10718255,0.0,0.0
244,0.00698503,171.9444605,0.01007248,1.0,1.0
245,0.003835656890642144,0.0260296469366978,0.05079061504230302,1.0,1.0
246,0.040700373,19.06109162,0.55077242,1.0,1.0
247,100.4085077,0.553909286,1.248232847,0.0,0.0
248,0.012029605,5.358591943,184.5080818,0.0,0.0
249,0.036557517,0.031226179,7.136913575,1.0,1.0
250,1.440981049,50.62061354,0.821861779,1.0,1.0
251,5.655037025,0.017516206,0.012092252,0.0,0.0
252,0.055029766,0.039951174,472.9108436,0.0,0.0
253,0.082656072,0.142898162,816.7894797,0.0,0.0
254,0.052606581,21.01800699,0.003576748,1.0,1.0
255,0.014855054,1.44140518,11.73652891,0.0,0.0
256,0.015092093,8.721234627,8.542656185,1.0,1.0
257,0.077643422,0.026706494,31.94689303,0.0,0.0
258,2.90161699,169.6996046,56.09138318,0.0,0.0
259,840.0059453,16.83859317,56.9595238,0.0,0.0
260,0.12182992,64.61801663,0.003512177,1.0,1.0
261,25.30210773,0.035559598,0.168037605,0.0,0.0
262,0.001426317652766499,0.9670749833620818,0.005930061803394445,1.0,1.0
263,580.4284813,5.50199189,619.3352845,0.0,0.0
264,4.41845359,0.033606104,733.4423214,0.0,0.0
265,204.5762637,57.87313406,0.033211412,0.0,0.0
266,0.255184088,5.986380898,0.164723895,1.0,1.0
267,329.9485211,0.019194712,0.504074517,0.0,0.0
268,23.9791525,50.30164205,0.042578076,1.0,1.0
269,0.012596742,20.1356207,0.682694419,1.0,1.0
270,0.601286719,0.032071014,132.6395046,0.0,0.0
271,62.22090132,0.06618858,0.090151899,0.0,0.0
272,0.375113928,5.593519577,5.478290511,1.0,1.0
273,0.009088197,0.079542496,804.6850284,0.0,0.0
274,0.002211374,2.790478042,1.420382469,1.0,1.0
275,0.001230091,4.953140669,0.059057686,1.0,1.0
276,0.030959945,200.9640164,326.8699315,0.0,0.0
277,0.10584563509228494,0.9890672919366513,0.11091595465087165,1.0,1.0
278,4.75042035,0.098431263,395.0769617,0.0,0.0
279,0.65969975,0.017767459,0.115380999,1.0,1.0
280,0.145128999,0.135290498,0.202612361,1.0,1.0
281,0.002047434,0.198154111,254.4218289,0.0,0.0
282,668.4250173,3.812241556,0.018651367,0.0,0.0
283,1.477944871,17.02125319,96.12519925,0.0,0.0
284,962.2382958,186.658561,0.001506235,0.0,0.0
285,560.8690732,7.788302614,0.258248555,0.0,0.0
286,0.159812266,0.390763203,0.021211589,1.0,1.0
287,8.110656047523555,64.97169277744993,0.039790217945913434,1.0,1.0
288,0.073655262,203.4793036,0.002843273,1.0,1.0
289,785.9765072,175.7907546,0.060715893,0.0,0.0
290,1.679224125,3.988223569,69.94024557,0.0,0.0
291,0.021955028,54.78160694,0.195999742,1.0,1.0
292,718.0942724,0.140881341,7.093606842,0.0,0.0
293,0.005152068,0.115038049,0.002073623,1.0,1.0
294,0.197347287,142.860389,0.129447826,1.0,1.0
295,0.002200512,0.018187737,0.001028922,1.0,1.0
296,0.017617257,1.036631238,0.00279605,1.0,1.0
297,0.075247679,0.047200753,0.464214674,1.0,1.0
298,221.7279774,0.052786108,0.001737243,0.0,0.0
299,0.001538092,207.5747308,15.5615321,0.0,0.0
300,0.031128033163563724,1.2970441980168106,1.6565724816313103,1.0,1.0
301,0.610118505,0.50214035,94.02203446,0.0,0.0
302,0.02416034100602819,0.46622202056262035,2.016084025591129,1.0,1.0
303,0.139678775,18.54635411,0.003297996,1.0,1.0
304,0.104183775,13.32284227,129.3735007,0.0,0.0
305,0.00133648,250.8443305,449.9166701,0.0,0.0
306,693.5917355,0.608307615,115.4947357,0.0,0.0
307,0.001098422,0.033726323,609.4355653,0.0,0.0
308,7.476787166,1.460210713,0.006550273,0.0,0.0
309,0.203299286,30.53306987,0.09993628,1.0,1.0
310,9.875220929,1.28199534,0.122531316,0.0,0.0
311,0.024622252,1.784061555,0.155176134,1.0,1.0
312,1.173775939,53.54788159,0.002851874,1.0,1.0
313,0.006921126,114.1170542,341.9312968,0.0,0.0
314,7.011574403,0.949979706,68.99053722,0.0,0.0
315,0.031045988,6.39784788,0.098162266,1.0,1.0
316,0.002998736,258.1638122,0.002575273,1.0,1.0
317,0.031020149,100.030144,130.2849168,0.0,0.0
318,114.6012793,5.317730399,0.028394856,0.0,0.0
319,0.07682227016337259,13.65254196425574,2.954689420035707,1.0,1.0
320,158.8343737,1.325336968,23.21639701,0.0,0.0
321,0.001657651,31.53087654,999.5210691,0.0,0.0
322,7.3792555406793126,48.432447971913646,0.18027054504573747,1.0,1.0
323,213.4002502,0.095336566,91.44753625,0.0,0.0
324,0.001899061,56.79016046,853.1101723,0.0,0.0
325,3.149427647,1.176119815,0.16065988,0.0,0.0
326,0.987187686,0.529243822,963.5064289,0.0,0.0
327,0.003007643,0.45935321,254.4478287,0.0,0.0
328,0.25494942,0.024195044,5.888183149,1.0,1.0
329,0.44199218372784776,0.15535391015732686,1.2511805503348425,1.0,1.0
330,40.35579215,0.08060798,0.123399229,0.0,0.0
331,15.7701513,1.023165342,0.015792491,0.0,0.0
332,499.5163309,0.028098949,0.014330998,0.0,0.0
333,3.063644658,296.6143844,69.48608553,0.0,0.0
334,0.003091972,150.6410962,0.256894096,1.0,1.0
335,6.69710805,17.73086014,0.002963298,1.0,1.0
336,0.012702502008297999,0.2193107354769916,0.2061204763064818,1.0,1.0
337,23.66130759,210.7509319,5.712727353,1.0,1.0
338,0.534265059,0.028528333,0.003275799,1.0,1.0
339,0.0250893,0.029277504,168.2004449,0.0,0.0
340,0.014717081756030499,1.239496908049953,0.17573147747254642,1.0,1.0
341,63.5678772,4.970189592,0.334747787,0.0,0.0
342,2.838119292,0.022337892,299.8520113,0.0,0.0
343,29.08344881,4.593021426,7.354533419,0.0,0.0
344,161.6658892,0.284764845,11.7234379,0.0,0.0
345,0.021991024,0.091817424,484.6042028,0.0,0.0
346,2.367560374,1.262911966,729.6844387,0.0,0.0
347,0.939910781,0.133804525,0.077055558,1.0,1.0
348,11.11458227,8.772249616,1.33156625,1.0,0.0
349,5.39307551,0.086478731,0.001485825,0.0,0.0
350,0.011503029,0.419070798,0.001291574,1.0,1.0
351,6.18171714,0.237065278,0.019287226,0.0,0.0
352,0.058698435,0.105233364,0.088152153,1.0,1.0
353,0.186673164,62.89272188,0.083326257,1.0,1.0
354,1.803335834,99.06102064,567.3377964,0.0,0.0
355,47.43108509,0.931263801,0.002058092,0.0,0.0
356,7.52098674,68.37185168,0.001759651,1.0,1.0
357,249.8414129,0.090586512,20.52943357,0.0,0.0
358,1.369891618,23.81062596,0.041937757,1.0,1.0
359,22.70273387,197.0704622,0.153238719,1.0,1.0
360,0.229007102,282.7580053,0.001742949,1.0,1.0
361,91.04903523,4.076014067,23.14940283,0.0,0.0
362,0.035699952,0.2536875,0.41868179,1.0,1.0
363,0.025292898,91.8652446,84.17838646,0.0,0.0
364,117.2798531,0.34341521,770.5740712,0.0,0.0
365,0.965965869,0.429091896,0.002090966,1.0,1.0
366,0.004509875,0.033715802,7.419486599,1.0,1.0
367,0.003571418,0.691128031,0.186587519,1.0,1.0
368,0.049052839,0.018128955,0.035370072,1.0,1.0
369,655.2006097,3.609087018,79.59329529,0.0,0.0
370,0.038044942,16.29770399,0.001467838,1.0,1.0
371,0.987700717,0.800931317,0.005463332,1.0,1.0
372,0.003960332,16.02976048,0.628271854,1.0,1.0
373,3.7755380442700273,236.3803937263414,0.5390196174124867,1.0,1.0
374,1.103374107,265.8916884,51.65202928,0.0,0.0
375,0.106591247,1.404082434,0.014580613,1.0,1.0
376,21.24753063,106.1759887,0.06475352,1.0,1.0
377,45.52068997,0.959713557,0.012326855,0.0,0.0
378,0.089526942,2.79087082,0.408003809,1.0,1.0
379,131.3895782,0.122406727,263.2752792,0.0,0.0
380,1.242599772,1.207891003,137.4426973,0.0,0.0
381,0.032001271,0.201990505,0.003466505,1.0,1.0
382,0.001636906,0.451270058,0.175290102,1.0,1.0
383,0.030490406,0.060192515,0.006942444,1.0,1.0
384,0.032767831,138.7555573,36.30602244,0.0,0.0
385,9.411901256,0.166193788,0.001033232,0.0,0.0
386,79.66180641,0.209390872,0.009120001,0.0,0.0
387,0.003121884,21.89180304,0.003182609,1.0,1.0
388,0.003668134,21.00016482,0.044309739,1.0,1.0
389,0.096477265,164.5518637,203.6409358,0.0,0.0
390,0.001592014,148.7614831,0.005491173,1.0,1.0
391,10.56400166,19.93329478,0.004460481,1.0,1.0
392,4.369418023,0.351474434,595.8926178,0.0,0.0
393,4.932797245,1.008248561,0.00127737,0.0,0.0
394,0.021764677,0.534909998,6.288330506,1.0,1.0
395,0.027158364,240.8578885,52.59210029,0.0,0.0
396,121.396905,0.166444789,2.171163819,0.0,0.0
397,36.07754004,58.85576298,0.00511098,1.0,1.0
398,0.003266968,12.26701891,0.032764191,1.0,1.0
399,1.3118591627031164,0.03190809306369167,0.0019996537502909198,1.0,1.0
400,1.993840381,221.34325,761.2686419,0.0,0.0
401,0.133434252,2.840051704,0.791093854,1.0,1.0
402,12.61163925,5.70243532,0.013287126,0.0,0.0
403,0.166255667,7.655515355,1.846724412,1.0,1.0
404,1.3401731600614704,0.550237538536756,0.0013225404924244004,1.0,1.0
405,771.3104261,2.11964066,1.878830774,0.0,0.0
406,0.00873084,7.103246713,0.131015901,1.0,1.0
407,3.677623816,9.710762089,0.005963099,1.0,1.0
408,2.113989006,57.78870941,0.566578471,1.0,1.0
409,20.06248697,0.226385846,0.006242997,0.0,0.0
410,0.339276851011516,17.384512387010354,0.009574047055717835,1.0,1.0
411,0.0020652948096360935,0.019796763063036682,0.012030076962031915,1.0,1.0
412,264.1713585,58.19017587,119.7536749,0.0,0.0
413,684.7364521,0.035566877,0.026243035,0.0,0.0
414,0.432893661,29.034796,7.429555815,1.0,1.0
415,358.9975484,7.523268926,1.836834173,0.0,0.0
416,0.004445777,4.36601531,0.003548203,1.0,1.0
417,0.455038021,2.915334595,283.4282007,0.0,0.0
418,46.94793841,1.925846862,10.89353782,0.0,0.0
419,16.21551088,10.32838753,0.409358451,0.0,0.0
420,0.004352539,0.022302595,400.8151497,0.0,0.0
421,0.284019871,0.101236729,0.00331094,1.0,1.0
422,6.21089807,0.22418552,0.730900144,0.0,0.0
423,0.00171229,22.47661423,56.56750639,0.0,0.0
424,0.75613532,44.71745751,0.012285825,1.0,1.0
425,0.028052223,17.66642087,3.23940359,1.0,1.0
426,0.005852025,0.053594378,0.014976271,1.0,1.0
427,0.109588643,68.34055263,502.5518484,0.0,0.0
428,0.249655835,0.568298901,39.38052409,0.0,0.0
429,49.68211467465542,83.51232667955543,0.0018843024084900881,1.0,1.0
430,0.001643793,73.07677935,6.316252582,1.0,1.0
431,0.01595419477693197,1.8324106353589844,0.011024158746882546,1.0,1.0
432,0.090433533,0.387771554,0.019523489,1.0,1.0
433,0.002675043,0.061253392,0.049232157,1.0,1.0
434,841.5662332,9.952911206,81.24563917,0.0,0.0
435,1.729266854,267.045388,0.024998961,1.0,1.0
436,1.7896246651519006,23.233427036729168,3.4487812615803115,1.0,1.0
437,0.001828995,246.1079528,176.649454,0.0,0.0
438,155.9736648,10.2776038,215.9832971,0.0,0.0
439,900.2930015,35.78046407,0.028983411,0.0,0.0
440,0.001862132,66.09062484,0.084490669,1.0,1.0
441,16.88519717,0.3628139,0.30258909,0.0,0.0
442,3.118659139,0.017804153,0.914057093,0.0,0.0
443,3.370175601,124.2759978,78.47621423,0.0,0.0
444,55.62756411,93.63571238,67.73918564,0.0,0.0
445,41.08983794,6.20221495,0.111101337,0.0,0.0
446,140.280897,3.176329718,0.433717691,0.0,0.0
447,0.118852081,83.48581314,62.99739067,0.0,0.0
448,0.016147131,42.19290426,35.48774868,0.0,0.0
449,681.3653333,0.031165001,0.007558177,0.0,0.0
450,0.064745802,0.078684907,0.013563041,1.0,1.0
451,0.2576002437734638,0.07111273691881434,0.9117870545362114,1.0,1.0
452,1.329626627,25.48686416,0.047153435,1.0,1.0
453,460.4758815,0.658317717,0.006200265,0.0,0.0
454,0.001177301,0.334354375,160.3004135,0.0,0.0
455,1.925242445,2.235623832,0.147682979,1.0,1.0
456,0.387697767,0.038771187,73.71265021,0.0,0.0
457,4.587918468,6.933994008,2.800477438,1.0,1.0
458,0.08886387187885568,1.3998951441807803,0.010691890338607252,1.0,1.0
459,0.021484637,0.077837248,0.001563688,1.0,1.0
460,22.31558642,6.250123401,911.734905,0.0,0.0
461,4.090659188037088,271.8531231712254,5.99267916214935,1.0,1.0
462,0.049654804,0.091152037,0.217027843,1.0,1.0
463,148.3957438,0.181524348,200.214599,0.0,0.0
464,1.0329965775926333,0.76322160374459,0.007858557056552373,1.0,1.0
465,0.005943291,2.206406121,0.026514475,1.0,1.0
466,854.247537,0.108667511,53.98125299,0.0,0.0
467,192.2681586,3.883477057,0.055911423,0.0,0.0
468,0.007048827,77.91688518,0.049373238,1.0,1.0
469,0.005735846,0.063539467,11.53240664,0.0,0.0
470,0.037731033,12.6955277,983.6760462,0.0,0.0
471,0.021453747,9.044635146,81.5823476,0.0,0.0
472,0.037700225,229.2549876,0.006671367,1.0,1.0
473,241.916734,0.531180019,0.736365189,0.0,0.0
474,0.401895314,0.023541322,0.653297415,1.0,1.0
475,0.003832604,0.076756053,0.189773701,1.0,1.0
476,0.033929556,0.467999153,2.842213927,1.0,1.0
477,14.14500078,0.892803217,0.072403383,0.0,0.0
478,61.86734554,4.259147333,1.418225943,0.0,0.0
479,1.986993099,0.037008759,3.400882119,1.0,1.0
480,0.003144593,0.043215121,5.206604891,1.0,1.0
481,0.0016807535582985577,0.17424660413550572,0.03311885101614653,1.0,1.0
482,608.6337646,32.75018188,0.763462861,0.0,0.0
483,7.212569029,0.340216696,97.58132665,0.0,0.0
484,303.4486965,4.69260418,85.05609842,0.0,0.0
485,676.2863637,0.033153904,0.004005263,0.0,0.0
486,14.9110863,4.057791453,0.323044919,0.0,0.0
487,60.3017549,0.099302988,104.0802781,0.0,0.0
488,0.001312034,0.017261337,12.43002492,0.0,0.0
489,0.631449159,0.897599128,0.018523437,1.0,1.0
490,0.003160909,287.6396139,50.73387856,0.0,0.0
491,0.626417728,2.553198798,3.33163673,1.0,1.0
492,355.0556312,0.36437129,186.8540323,0.0,0.0
493,1.772864087,65.54118405,732.2763486,0.0,0.0
494,0.08564319802289044,166.4159825616034,0.005259041776630738,1.0,1.0
495,922.1141492,1.194428008,841.5891545,0.0,0.0
496,1.828734813,0.324984665,0.025539258,1.0,1.0
497,105.5162717,0.027854338,0.030317191,0.0,0.0
498,0.006988053,0.891695169,0.010291983,1.0,1.0
499,3.858331061,7.645142321,125.7798029,0.0,0.0
500,209.9140296,100.6508971,0.00986828,0.0,0.0
501,1.940924395,35.40108023,0.048504495,1.0,1.0
502,3.937948118,29.3293866,648.8416927,0.0,0.0
503,0.544046332,247.4519954,0.009495051,1.0,1.0
504,0.002531501,0.020467533,0.00127588,1.0,1.0
505,3.1046816504294323,85.54302720222226,0.4344054914395774,1.0,1.0
506,0.013455099289716966,0.46582180761025105,4.244489498317795,1.0,1.0
507,0.040809926847242724,0.03459677300630177,1.8162157255059344,1.0,1.0
508,0.004990144,0.017119901,0.379966486,1.0,1.0
509,65.62410642,0.231336247,0.055439557,0.0,0.0
510,336.3798483,200.7025372,0.864459221,0.0,0.0
511,100.04772,161.4636575,0.242392537,1.0,0.0
512,0.001698644,1.974722723,0.074952847,1.0,1.0
513,13.48688509,0.036606439,0.030889166,0.0,0.0
514,214.5673885,4.962707664,0.004683904,0.0,0.0
515,21.30319251,7.576940698,0.002209748,0.0,0.0
516,281.052981,295.886615,0.018374429,0.0,0.0
517,195.6223148,16.13621115,16.51186799,0.0,0.0
518,0.052622304,0.341769234,848.9479288,0.0,0.0
519,5.769915516,3.536297204,678.0463504,0.0,0.0
520,2.0710821289609034,16.322043721198497,0.0031568824061348547,1.0,1.0
521,0.018258107,0.480227826,6.303796071,1.0,1.0
522,0.031243617,187.5600185,0.020566168,1.0,1.0
523,0.01210644484890845,0.03403395304739794,3.680767630249259,1.0,1.0
524,11.68622431,0.107761878,535.0810875,0.0,0.0
525,0.672759223,0.125485173,1.044907551,1.0,1.0
526,0.388858099,34.57141587,201.559001,0.0,0.0
527,0.002867903,7.363200464,306.7125262,0.0,0.0
528,0.005596329,0.554435577,0.003801562,1.0,1.0
529,0.001459508,0.022116068,9.404794352,0.0,0.0
530,0.032524906,0.842311773,0.019297104,1.0,1.0
531,1.835721975,0.039882718,0.019438551,1.0,1.0
532,0.039834168,0.131585806,0.005020695,1.0,1.0
533,0.01328979,1.841781364,389.9551231,0.0,0.0
534,157.7000876,9.997482072,305.3809562,0.0,0.0
535,59.93176739,22.23006577,0.22029107,0.0,1.0
536,7.011104945,0.185740543,63.56504318,0.0,0.0
537,100.9173707,0.036265767,2.238264763,0.0,0.0
538,1.245066224,0.139157795,0.092213059,1.0,1.0
539,0.001017962,160.6522765,0.298292479,1.0,1.0
540,0.612029203,5.136789417,10.17384524,0.0,0.0
541,1.045317777,1.439003549,3.368271433,1.0,1.0
542,240.7440063,13.07996958,0.384165526,0.0,0.0
543,12.10498018,36.27277358,0.005618801,1.0,1.0
544,1.761307759,0.256903424,0.017945996,1.0,1.0
545,0.005135738,133.2152291,5.292023413,1.0,1.0
546,0.002289661,0.190962012,77.71788327,0.0,0.0
547,5.106126523,0.076456844,384.0454497,0.0,0.0
548,0.774402774,111.6920462,1.114629951,1.0,1.0
549,4.660904604,1.836444985,1.626365256,0.0,0.0
550,0.00616218,0.025828765,20.68407593,0.0,0.0
551,0.002567736,113.9411052,0.002443638,1.0,1.0
552,0.002192385,10.47387647,0.139134293,1.0,1.0
553,0.001221244,0.255102801,396.6809855,0.0,0.0
554,0.0013652135086944578,69.30978575657409,0.21871317590016998,1.0,1.0
555,0.606026304,1.793112386,178.079793,0.0,0.0
556,1.025062034,7.816993946,1.032126803,1.0,1.0
557,0.003814701,4.373939927,0.013048499,1.0,1.0
558,0.87798689,17.5715141,0.019882761,1.0,1.0
559,278.5880137,0.878183863,0.002193287,0.0,0.0
560,0.008892265748404809,0.12049890209664563,0.1678645651207351,1.0,1.0
561,6.974832701098579,11.176409147855143,0.10064501159880787,1.0,1.0
562,0.265549327,0.202737355,1.834179377,1.0,1.0
563,52.5060815,6.474149495,19.82575542,0.0,0.0
564,0.001376709,0.345604131,0.309338754,1.0,1.0
565,22.41685006,4.553064212,11.91828972,0.0,0.0
566,138.20914,0.712935604,0.10901454,0.0,0.0
567,0.013741011,0.153572918,0.001158723,1.0,1.0
568,49.80935248,0.031959175,0.04331332,0.0,0.0
569,0.025306795843159847,88.71046582486142,0.037170070380535325,1.0,1.0
570,470.7721644,3.631505178,0.035599739,0.0,0.0
571,26.89884473,7.312495957,0.955760774,0.0,0.0
572,0.003186154,62.14195558,419.1588515,0.0,0.0
573,1.086741713,7.531003968,205.8740254,0.0,0.0
574,0.0016805280370892387,2.516484957789969,0.05874797442253322,1.0,1.0
575,0.05091504267669704,0.3351602932277829,0.03879306270931484,1.0,1.0
576,251.5726401,0.063480058,0.041020218,0.0,0.0
577,112.4198703,88.90213664,0.090835038,0.0,0.0
578,372.4530844,16.64781664,299.2989331,0.0,0.0
579,0.013898343,0.158073835,0.946727732,1.0,1.0
580,0.006408073,0.250995177,251.9007,0.0,0.0
581,2.158393443,22.88733813,70.95679984,0.0,0.0
582,0.007444353,1.969087823,0.001695384,1.0,1.0
583,2.314515217,0.046323612,124.8041192,0.0,0.0
584,253.2215068,0.040028853,0.154495232,0.0,0.0
585,0.19157536,0.075871172,30.87519912,0.0,0.0
586,0.004551562,0.269419201,307.9347017,0.0,0.0
587,72.24128249,0.039324938,0.653155987,0.0,0.0
588,2.166614323,0.017671805,0.001917011,0.0,1.0
589,0.001995628578062011,1.0137454583797565,0.5205258085005328,1.0,1.0
590,0.099353886,0.279079817,196.7950489,0.0,0.0
591,0.011215047,0.033579785,0.004003808,1.0,1.0
592,1.631546389,0.325200086,10.42242022,0.0,0.0
593,0.002215245,0.019909389,2.887349256,1.0,1.0
594,0.012388425,0.587864772,0.007205042,1.0,1.0
595,8.504249647,0.31336111,5.389995634,0.0,0.0
596,2.154266431,18.41108605,340.3823564,0.0,0.0
597,0.030832576,0.029979738,0.664593063,1.0,1.0
598,187.1812723,1.545688728,0.006812702,0.0,0.0
599,0.002808421,0.857734288,231.5274841,0.0,0.0
600,0.386946292,0.107679705,17.39169261,0.0,0.0
601,0.005051949,0.626861467,0.003424383,1.0,1.0
602,0.854713022,36.69085502,17.77710664,0.0,0.0
603,999.8690167,17.42495166,52.16629763,0.0,0.0
604,18.10230209,6.753532545,0.005009866,0.0,0.0
605,0.319480208,2.102170073,0.922431048,1.0,1.0
606,92.38702995,24.84383449,0.002013642,0.0,1.0
607,1.830423017,0.099841268,2.350058411,1.0,1.0
608,1.516051379,55.56340524,0.053302025,1.0,1.0
609,0.008382056,0.725206866,3.868025176,1.0,1.0
610,880.2767243,0.628855119,5.982831071,0.0,0.0
611,0.003009703,3.403760898,216.8865477,0.0,0.0
612,0.049491094,0.224626818,109.0903125,0.0,0.0
613,5.994641328,0.023536051,0.009987127,0.0,0.0
614,0.01331138,0.880288899,1.999261351,1.0,1.0
615,366.6898539,0.094256875,0.008894102,0.0,0.0
616,3.471321092,1.00380515,2.294572598,1.0,0.0
617,0.2739296625283923,0.6311339124091421,0.5047698481952603,1.0,1.0
618,1.424736719,0.022391964,33.79573151,0.0,0.0
619,54.03200566,0.364321628,0.041168402,0.0,0.0
620,0.001702383,0.594055514,0.246690776,1.0,1.0
621,330.6964682,0.061245742,0.033102866,0.0,0.0
622,998.1889268,60.95394789,0.01603776,0.0,0.0
623,13.73414082,5.229763059,60.77440674,0.0,0.0
624,0.056366542,14.43794886,0.031826897,1.0,1.0
625,0.002098794,104.4263037,0.009287533,1.0,1.0
626,129.7677971,0.114597587,2.619032378,0.0,0.0
627,3.193068877,178.8932709,0.007472109,1.0,1.0
628,0.059033962,40.26188837,1.742748513,1.0,1.0
629,290.2193615,0.220709326,0.177279576,0.0,0.0
630,579.5934912,0.017786416,533.5321762,0.0,0.0
631,28.35033755,16.11761241,0.006349246,0.0,0.0
632,0.75777308,1.291192395,0.008358562,1.0,1.0
633,34.79087762,0.052310683,0.006434479,0.0,0.0
634,38.80944498,161.4606112,233.9001439,0.0,0.0
635,0.001906288,0.059026765,2.234696349,1.0,1.0
636,3.8896611711951987,3.922866493460268,0.023617305152243757,1.0,1.0
637,0.03006993633541178,5.118312160534724,0.011557619215692188,1.0,1.0
638,0.001310294,27.23816491,7.134513633,1.0,1.0
639,838.8492616,0.087635591,26.95090116,0.0,0.0
640,13.25724591,77.32831421,0.772106411,1.0,1.0
641,0.001964343,1.36898348,862.1347074,0.0,0.0
642,0.066736167,0.085731098,5.063400892,1.0,1.0
643,20.12143531,41.876749,8.020497325,0.0,1.0
644,0.062828328,39.65161261,65.22855117,0.0,0.0
645,0.016302919,5.514846443,118.9535364,0.0,0.0
646,52.2032113,145.2587656,471.0805766,0.0,0.0
647,0.12324273588759525,26.610985700926705,0.3132116395053862,1.0,1.0
648,765.9031206,151.5238952,0.919603954,0.0,0.0
649,0.01440918,0.051457846,438.6019383,0.0,0.0
650,0.045617067,139.0451282,0.005181397,1.0,1.0
651,0.042047729,19.46466593,481.070026,0.0,0.0
652,84.79713958,84.45898121,0.0042003,0.0,1.0
653,0.017697198,50.97929581,0.002184886,1.0,1.0
654,0.001053858,0.038439918,2.607954276,1.0,1.0
655,0.072312089,0.039127845,0.007624208,1.0,1.0
656,92.790196,130.7306552,0.307923712,1.0,0.0
657,142.0468234,0.762797556,0.484053644,0.0,0.0
658,0.6387791791160492,15.765928621849156,0.18353144452821016,1.0,1.0
659,68.2428134,104.1875152,190.2746279,0.0,0.0
660,0.045591093,183.8094866,0.401406629,1.0,1.0
661,0.041425045,7.581588093,31.1708885,0.0,0.0
662,327.9040806,47.98309208,0.117357306,0.0,0.0
663,3.40758069,0.027977764,0.806777665,0.0,0.0
664,6.158931409,297.9360578,9.074873119,0.0,0.0
665,0.007962246925166595,29.98739153918696,0.16896506793573005,1.0,1.0
666,635.3026531,0.387513684,4.4567889,0.0,0.0
667,490.7039198,28.37938408,368.0550177,0.0,0.0
668,0.22702099234005502,0.0791512264553387,0.9408698678838663,1.0,1.0
669,648.5093845,5.408717924,300.4535778,0.0,0.0
670,0.003520707,288.883779,6.146924708,1.0,1.0
671,434.2401871,178.6342724,1.289783152,0.0,0.0
672,0.454794159,0.050053735,5.677996262,1.0,1.0
673,0.005078923,0.097746387,0.001775364,1.0,1.0
674,0.436980807,150.4545484,0.006979141,1.0,1.0
675,3.333151006,8.164321173,0.421862843,1.0,1.0
676,57.29380644,244.4118285,0.196307543,1.0,1.0
677,0.003210204667885047,2.7726174287627665,0.016678111908613825,1.0,1.0
678,0.033618045,19.79054102,98.93478172,0.0,0.0
679,4.407054489,0.024249042,1.077440775,0.0,0.0
680,9.023031800726176,14.126876060956226,0.3014307179025075,1.0,1.0
681,0.00745497966977769,195.04374925221998,0.3465392608360082,1.0,1.0
682,0.003135929,0.291969373,0.142792946,1.0,1.0
683,82.82562249,0.343074401,500.8839442,0.0,0.0
684,0.0016671723296143343,0.4546059192792201,0.17604486977666828,1.0,1.0
685,14.56053383,2.60391035,87.94458606,0.0,0.0
686,0.017760856,0.377053138,0.001894174,1.0,1.0
687,4.057881508,181.5259885,181.6091993,0.0,0.0
688,42.31255998,2.924982086,0.002040704,0.0,0.0
689,0.133798048,0.096191343,1.034195834,1.0,1.0
690,0.034369579,74.51902392,0.008233382,1.0,1.0
691,560.0408655,1.711648217,4.046805185,0.0,0.0
692,0.006182078832744214,0.7356238967736518,3.847432513186721,1.0,1.0
693,680.6728581,35.27737774,4.952119411,0.0,0.0
694,0.021442488722169376,21.67060010662893,0.3444324333611182,1.0,1.0
695,99.32854278,0.987670812,21.11330665,0.0,0.0
696,105.5862693,43.7258297,0.732617755,0.0,0.0
697,0.003520508,7.158784394,33.4862246,0.0,0.0
698,0.001663284,21.6387332,0.331077418,1.0,1.0
699,0.026523347903767192,0.024475211265151307,0.7015566763851689,1.0,1.0
700,10.30309667,0.282167706,0.125494688,0.0,0.0
701,24.97875091,0.300378094,0.253029968,0.0,0.0
702,0.102267777,0.30864849,0.043407597,1.0,1.0
703,0.150714359,1.406304782,0.419602774,1.0,1.0
704,0.014231996,0.019763654,90.50868508,0.0,0.0
705,1.480200627,54.76162015,10.90087027,0.0,0.0
706,10.240400396392383,276.1753851446625,7.703639439958554,1.0,1.0
707,0.008778371,1.695923824,533.1458032,0.0,0.0
708,37.54158449,0.097283845,0.011541194,0.0,0.0
709,46.4559523,0.12803891,0.136238286,0.0,0.0
710,1.792723151,14.27074932,0.012202769,1.0,1.0
711,1.908469895,2.843783866,39.04824896,0.0,0.0
712,0.046640725,1.025670761,127.7940027,0.0,0.0
713,1.043171157,0.094507289,0.116780942,1.0,1.0
714,673.1693314,0.062741642,278.9119502,0.0,0.0
715,479.4496507,67.4691285,0.00986081,0.0,0.0
716,0.050427514,0.118768172,0.031504465,1.0,1.0
717,0.001737658,46.95122817,0.071016584,1.0,1.0
718,8.62553362,1.921063314,657.1288365,0.0,0.0
719,150.3166763,0.038317814,375.6113623,0.0,0.0
720,0.006215141483781517,0.02962143313657521,1.428648382700396,1.0,1.0
721,3.182231529,0.104516706,18.12911266,0.0,0.0
722,452.2080754,0.048094127,2.99821236,0.0,0.0
723,131.7320168,12.36231727,1.881193093,0.0,0.0
724,3.785736197,6.405250447,615.8067352,0.0,0.0
725,32.95068224,0.043005826,0.01974515,0.0,0.0
726,0.523616106,0.12144481,0.001295947,1.0,1.0
727,52.11281772,0.510193999,0.007472024,0.0,0.0
728,0.487439643,0.109448342,43.15848768,0.0,0.0
729,0.060184206,6.955322535,25.73418295,0.0,0.0
730,671.7132592,0.394120628,2.773799288,0.0,0.0
731,0.023050703,0.705881543,0.303943851,1.0,1.0
732,16.40613948,7.150539734,0.614163886,0.0,0.0
733,195.9097195,102.000949,12.8662673,0.0,0.0
734,0.555237705,212.018508,0.004584518,1.0,1.0
735,0.03312600817249927,16.537127891608506,2.8365633218822186,1.0,1.0
736,0.001931307,92.95063264,0.098743731,1.0,1.0
737,0.10002789441164892,0.04874602788115567,0.30069560253689354,1.0,1.0
738,14.754522938483666,100.21004456440792,1.7859026363091992,1.0,1.0
739,2.755554646,0.052997152,0.00147602,0.0,0.0
740,48.09422325,133.4786408,0.011312428,1.0,1.0
741,0.004108722,0.293429567,0.004788424,1.0,1.0
742,0.001607943,0.016948357,228.2908585,0.0,0.0
743,0.0018022001650211525,0.027425436174509467,0.2385585399965442,1.0,1.0
744,0.064620574,165.0007756,2.75756387,1.0,1.0
745,457.5668746,9.270953916,0.001482263,0.0,0.0
746,0.105341505,1.350802826,568.6016285,0.0,0.0
747,2.3565342168922303,57.3096009050282,0.8823010022168476,1.0,1.0
748,10.14700766,25.12079843,202.3164966,0.0,0.0
749,1.979007066,8.140884189,0.314932923,1.0,1.0
750,0.001102341,0.145990207,1.691512645,1.0,1.0
751,0.571151847,3.429347335,0.339305904,1.0,1.0
752,0.061715454,4.197730089,6.741645536,1.0,1.0
753,598.9840736,98.85907125,1.770623477,0.0,0.0
754,0.020726686,267.4215807,0.808425276,1.0,1.0
755,0.045151867,11.78460226,49.57103053,0.0,0.0
756,1.717780766695573,0.22096070866259204,0.0033940839216503715,1.0,1.0
757,14.9847815,0.042363588,61.4113142,0.0,0.0
758,4.595788406,291.8639986,1.379562659,1.0,1.0
759,0.022179332,0.413626879,3.337109484,1.0,1.0
760,59.26486288,38.10248568,0.003340279,0.0,1.0
761,0.001347008,8.097138993,310.1954911,0.0,0.0
762,0.848789902,63.94608156,561.3740002,0.0,0.0
763,0.403804649,0.389836883,0.007834894,1.0,1.0
764,0.085341084,8.392745779,0.001439986,1.0,1.0
765,9.005587217,0.025742724,320.1631028,0.0,0.0
766,0.013150604937830613,0.14809708652304784,0.0525768864538443,1.0,1.0
767,10.23747566,2.869260648,0.776601477,0.0,0.0
768,0.011425883,0.226173307,0.306850487,1.0,1.0
769,0.003988159,0.179737482,34.01857673,0.0,0.0
770,14.057760537839643,20.6032544938769,0.26237418652331446,1.0,1.0
771,0.033493627,0.022770804,0.079584867,1.0,1.0
772,0.9810594268609641,7.4992925782878,6.638089797722705,1.0,1.0
773,0.396770956,0.020530119,17.26356756,0.0,0.0
774,0.04485453766914402,5.660404593629643,3.054222910393056,1.0,1.0
775,0.00465855,1.689984901,190.1676997,0.0,0.0
776,0.137842865,0.027915242,0.005286072,1.0,1.0
777,0.027800577,0.896512177,1.881503052,1.0,1.0
778,0.6865076760019303,259.2437071026184,0.0014242523908603024,1.0,1.0
779,1.014051203,6.010893446,370.4417392,0.0,0.0
780,0.003826363,0.04712485,1.473783687,1.0,1.0
781,5.867998212,45.43421273,88.67029032,0.0,0.0
782,178.2713388,0.341473146,551.1671574,0.0,0.0
783,85.94123269,75.52088412,0.010877887,0.0,1.0
784,0.015990496,0.775507841,128.8349857,0.0,0.0
785,3.999944672,0.020848298,0.001866201,0.0,0.0
786,0.035342435,0.151218694,42.20692468,0.0,0.0
787,0.0027859,1.377349204,0.145899806,1.0,1.0
788,0.020830153,0.049482521,7.949476292,1.0,1.0
789,132.3024295,0.035267616,49.03152578,0.0,0.0
790,0.16446640904648913,56.231062272122614,0.6630638923990586,1.0,1.0
791,0.074116235,0.0317539,2.969586598,1.0,1.0
792,0.001031685,0.64479691,6.945917665,1.0,1.0
793,1.001823617,0.314250114,0.053736146,1.0,1.0
794,13.80184648,0.532167543,0.003743911,0.0,0.0
795,66.93073489,0.168791734,117.2273113,0.0,0.0
796,479.5682818,0.45077222,0.146130344,0.0,0.0
797,0.460824787,0.078092124,0.001282089,1.0,1.0
798,0.005663646,0.023465427,330.3813551,0.0,0.0
799,0.102697172,21.40095891,0.103238691,1.0,1.0
800,506.7388395,0.063429152,171.3059151,0.0,0.0
801,34.20953741,0.415008432,457.6744889,0.0,0.0
802,0.170983637,48.82480939,0.080522609,1.0,1.0
803,2.2779624075691016,85.05086330170887,0.6669344518151794,1.0,1.0
804,1.394342751,0.102609985,0.018987834,1.0,1.0
805,0.001028876,0.250308928,0.003052538,1.0,1.0
806,0.011994004,0.07534846,0.001368096,1.0,1.0
807,0.002570941,1.986431883,846.2635454,0.0,0.0
808,1.118425715,15.62848624,2.009551576,1.0,1.0
809,0.022574102,0.81674379,6.243806423,1.0,1.0
810,42.15131219,0.43938831,0.377884663,0.0,0.0
811,17.51313091,29.56509389,16.03373348,0.0,0.0
812,0.177533694,23.87926565,7.150501426,1.0,1.0
813,0.007741250581294637,2.313029136805685,0.06646758661821109,1.0,1.0
814,1.5160905572257395,0.11907305030421095,0.0019160864072103171,1.0,1.0
815,1.696967339,2.127706677,0.027708297,1.0,1.0
816,0.780086452,0.617514901,0.0060325,1.0,1.0
817,0.775193762,72.10106569,0.010639835,1.0,1.0
818,149.7991213,3.363373888,4.51354962,0.0,0.0
819,0.0020628763430009128,15.8591089775684,3.0595957306532706,1.0,1.0
820,0.0012003951138438908,7.769494442667873,0.005830273276062717,1.0,1.0
821,0.190187836,0.022904257,148.2383133,0.0,0.0
822,0.026281998,2.677988129,0.028253813,1.0,1.0
823,0.021705944,0.124879942,0.005437888,1.0,1.0
824,0.05778056307744006,1.2895232355197124,0.14325782523265634,1.0,1.0
825,305.6983796,1.524228364,0.463609296,0.0,0.0
826,461.4098555,10.30508964,917.6214042,0.0,0.0
827,136.8907811,0.046209837,0.148628279,0.0,0.0
828,345.7073616,41.10684915,0.122545141,0.0,0.0
829,181.3069394,2.105077298,15.6424328,0.0,0.0
830,120.1320479,266.7134596,72.999991,0.0,0.0
831,0.022299948,0.042580571,0.037133538,1.0,1.0
832,2.81149208,4.020571571,0.023451679,1.0,1.0
833,4.218789346,24.46615053,254.8795703,0.0,0.0
834,0.00752599,4.617885267,5.394430657,1.0,1.0
835,0.210433063,31.92208915,0.121899565,1.0,1.0
836,0.002509527,0.321960333,88.95188826,0.0,0.0
837,12.84165451,0.174399843,7.084773794,0.0,0.0
838,6.334825326,90.54854635,0.001937379,1.0,1.0
839,87.93880927,22.47281716,0.003846115,0.0,1.0
840,2.524733607,80.17751894,0.009566022,1.0,1.0
841,0.004675421,210.7490119,0.135610138,1.0,1.0
842,76.59943506,91.74825069,0.131874738,1.0,1.0
843,257.0785489,0.169065501,360.4391588,0.0,0.0
844,0.03524848533503789,41.90016464309485,0.11980103180276755,1.0,1.0
845,6.087426012,0.048258317,0.768551083,0.0,0.0
846,0.009601782,0.40220921,0.142184542,1.0,1.0
847,2.344933644,0.553523042,1.169845418,1.0,1.0
848,0.117575048,0.044182096,0.007131328,1.0,1.0
849,1.2364313733075794,3.8433759557110743,0.010460297715407817,1.0,1.0
850,0.013947505,0.028344882,1.8354832,1.0,1.0
851,6.862327489,0.098320003,0.005889852,0.0,0.0
852,270.4810445,0.081211473,0.02178557,0.0,0.0
853,2.773633458,6.181017235,0.002233368,1.0,1.0
854,0.005168373,0.976879224,0.001966986,1.0,1.0
855,96.64457645,0.693817538,0.001085021,0.0,0.0
856,79.63533166,28.27319695,192.7154262,0.0,0.0
857,7.131501666,0.03256665,0.071710616,0.0,0.0
858,27.35921817,6.550129082,24.41220009,0.0,0.0
859,7.4026380392947235,30.434531694690218,0.01471466613132109,1.0,1.0
860,0.2187075842596062,10.138103322425872,0.009481194138597054,1.0,1.0
861,0.313397844,29.57043726,1.539179724,1.0,1.0
862,21.90282896,2.14198832,0.133073551,0.0,0.0
863,12.774349620007108,189.85528432096947,0.32566109918051245,1.0,1.0
864,0.014272994,6.968622662,0.001498299,1.0,1.0
865,25.99103348,0.098925051,0.010244926,0.0,0.0
866,0.010266332,3.90785055,593.7842904,0.0,0.0
867,10.61277511,178.7200802,0.514765403,1.0,1.0
868,135.3016169,0.068418229,0.019834967,0.0,0.0
869,946.1799972,49.36623929,0.575717892,0.0,0.0
870,0.12353484619525353,0.4689789326149944,0.8505609263246968,1.0,1.0
871,0.649580453,0.692743589,913.5960281,0.0,0.0
872,22.06143868,57.284935,142.7855139,0.0,0.0
873,13.84698607,7.438978797,20.36311623,0.0,0.0
874,0.015179502620772566,155.21909387240828,0.037655485268510855,1.0,1.0
875,0.008250577044365548,20.236432135098564,0.7668354045950139,1.0,1.0
876,0.079165371,0.500072381,0.851071056,1.0,1.0
877,45.1606329,21.31244891,0.011312483,0.0,1.0
878,5.515918766,0.16549816,2.936739577,0.0,0.0
879,0.039712573,0.154700575,122.256598,0.0,0.0
880,46.4296428,0.181050107,0.009766457,0.0,0.0
881,163.44205,0.213039192,0.085584519,0.0,0.0
882,1.043206269,1.015147751,0.138743929,1.0,1.0
883,55.18744068,0.041775321,1.264059968,0.0,0.0
884,0.006600549,107.3555745,53.96488527,0.0,0.0
885,169.8475295,0.061154512,0.046503676,0.0,0.0
886,17.72006011,84.7248571,0.049046676,1.0,1.0
887,0.003094712,118.4034525,0.007834391,1.0,1.0
888,1.5735190109136339,13.22980298692861,0.9167332637097697,1.0,1.0
889,18.14358636,0.176489217,276.8331397,0.0,0.0
890,0.002612154,5.463141661,3.187054513,1.0,1.0
891,418.9118285,46.74777118,1.751263836,0.0,0.0
892,0.442252797,0.221903831,77.74142503,0.0,0.0
893,1.476366971,0.048400191,0.010912881,1.0,1.0
894,0.006153648,218.3610778,6.93471425,1.0,1.0
895,0.0038897440398551744,0.24378152912920392,0.00679252594201795,1.0,1.0
896,471.4960185,0.070430132,29.99657418,0.0,0.0
897,5.068293499,156.0104654,0.002663008,1.0,1.0
898,0.290988488,0.033833909,151.5027723,0.0,0.0
899,0.7936370167589855,3.5115782631730297,0.21103654578023423,1.0,1.0
900,0.002059546,0.017964332,0.010910022,1.0,1.0
901,34.49967532,0.092861333,1.542510557,0.0,0.0
902,1.120031118,0.043916417,0.02943928,1.0,1.0
903,0.744429394,20.71790189,0.051819086,1.0,1.0
904,0.775891509,126.6858499,0.011125811,1.0,1.0
905,0.169044299,5.919529715,603.9564948,0.0,0.0
906,0.980482495,0.174176148,0.012191318,1.0,1.0
907,0.075581132,0.115505744,0.142929704,1.0,1.0
908,10.05595856,0.064568311,0.006118463,0.0,0.0
909,34.29804344,49.03781582,0.00262785,1.0,1.0
910,0.065853058,12.5540795,0.343299103,1.0,1.0
911,4.182833062,5.735865362,1.566482771,1.0,1.0
912,263.1721182,53.19193969,0.005986518,0.0,0.0
913,0.240706642,9.653855883,0.047025369,1.0,1.0
914,0.358568971,30.80631787,0.418868105,1.0,1.0
915,1.390710515,26.70381031,7.10202745,1.0,1.0
916,0.034352272,1.15338408,435.7555693,0.0,0.0
917,0.004048453,0.031923178,0.074668082,1.0,1.0
918,0.936207333,0.400809125,490.8148954,0.0,0.0
919,3.033784946,28.26428499,70.21912948,0.0,0.0
920,0.001024,5.954555605,0.004969604,1.0,1.0
921,36.3771538,0.245838539,89.67747908,0.0,0.0
922,53.55195693,12.39375916,0.004771805,0.0,0.0
923,12.21829196,6.85540355,0.007268743,0.0,0.0
924,0.22429041,270.4080807,0.005193762,1.0,1.0
925,215.1721245,0.02599359,9.820465212,0.0,0.0
926,206.0779422,85.97205084,0.604143633,0.0,0.0
927,0.002559265,0.973390885,1.212755705,1.0,1.0
928,0.028281739,124.9142242,0.00380566,1.0,1.0
929,0.08765070749807449,133.6947235510102,0.003719391734234598,1.0,1.0
930,0.2392086533042351,118.28360152142805,4.044190286317119,1.0,1.0
931,1.315014671,0.089914133,397.4027288,0.0,0.0
932,173.7307507,44.01246327,103.9262134,0.0,0.0
933,181.9686181,118.2426229,0.141860191,0.0,0.0
934,0.001068743,0.605107575,269.863877,0.0,0.0
935,0.258102333,7.241767023,0.009984545,1.0,1.0
936,0.121915656,0.218366756,0.032083446,1.0,1.0
937,3.377917204,0.022195396,0.074176365,0.0,0.0
938,0.2031169564915591,11.637500280062765,0.9364083968780542,1.0,1.0
939,0.017487351397394418,50.72771649136707,0.0018793068582268779,1.0,1.0
940,28.53575821,10.12874173,0.443827218,0.0,0.0
941,3.245422769,0.474858121,12.39560753,0.0,0.0
942,0.653532101,19.64186697,9.989114928,0.0,0.0
943,343.899851,6.139679577,0.028410252,0.0,0.0
944,0.268453441,7.905975834,46.67324444,0.0,0.0
945,0.439112038,3.891653574,91.69553415,0.0,0.0
946,693.9199963,1.990169541,73.71937358,0.0,0.0
947,11.722646430700758,51.06328123328253,0.4739536251253793,1.0,1.0
948,0.34362969961494655,0.04579692404293453,1.4635160821793909,1.0,1.0
949,813.7256712,0.155799408,0.024253361,0.0,0.0
950,8.631671298,1.972608718,0.013706829,0.0,0.0
951,1.95412922,6.051302754,849.6001878,0.0,0.0
952,0.033563818,14.79315323,811.564125,0.0,0.0
953,0.019067884,1.280406045,0.306228843,1.0,1.0
954,2.472634274,8.187648759,0.001724277,1.0,1.0
955,0.137611981,8.065788467,83.41399842,0.0,0.0
956,0.246382033,15.06470648,14.59006611,0.0,0.0
957,428.2266276,3.865291624,134.1499614,0.0,0.0
958,0.972032027,84.22002831,141.093706,0.0,0.0
959,0.035297893,0.068881696,6.745980961,1.0,1.0
960,2.120975893,0.750621413,926.4944739,0.0,0.0
961,0.08173536930715841,8.408535675975864,0.39323536740611736,1.0,1.0
962,2.5442877426977133,34.621498802144565,0.2960931196549983,1.0,1.0
963,0.361487516,2.177759423,0.001103589,1.0,1.0
964,161.8707462,18.33874757,0.097409847,0.0,0.0
965,561.1963216,48.66425932,689.9991494,0.0,0.0
966,125.2514812,1.544950724,6.713590123,0.0,0.0
967,0.021692213,151.5782182,0.011534321,1.0,1.0
968,0.9155810376973014,60.13808661025456,0.5785859979877407,1.0,1.0
969,0.007544667636647882,0.11825861813279863,2.642372374579629,1.0,1.0
970,0.157755943,16.35982154,1.753960482,1.0,1.0
971,0.0071968706292762285,0.6406358061770511,0.006235888975419154,1.0,1.0
972,220.5525778,11.71281962,6.396623011,0.0,0.0
973,0.002324322,0.768504988,946.5828018,0.0,0.0
974,96.08318212,8.197105144,0.053413815,0.0,0.0
975,170.5218463,4.478088098,432.6935058,0.0,0.0
976,98.19146719,3.982117435,2.348448013,0.0,0.0
977,0.024299943,37.84508746,1.180254832,1.0,1.0
978,1.512771472,0.107016064,0.00201453,1.0,1.0
979,3.473877479,5.475009398,530.5856965,0.0,0.0
980,0.005813031,11.48667546,0.032705001,1.0,1.0
981,0.003045776,128.4486001,3.971564502,1.0,1.0
982,53.88934455,0.06894546,0.001307951,0.0,0.0
983,0.002345704,7.15293531,555.7642068,0.0,0.0
984,0.011833275,8.41495155,0.002228849,1.0,1.0
985,4.168811571,0.047980235,1.557664576,0.0,0.0
986,0.00155466,5.343988732,857.4970797,0.0,0.0
987,12.3676275,8.78654126,0.270512662,0.0,0.0
988,29.2654594,0.188769502,4.840054936,0.0,0.0
989,0.170862287,0.881713184,4.209511047,1.0,1.0
990,21.1949807,154.6234034,0.70421541,1.0,1.0
991,401.1918508,4.691818976,0.188287732,0.0,0.0
992,0.030466621,131.8834017,0.015836645,1.0,1.0
993,2.137870358,2.024185167,0.840032346,1.0,1.0
994,0.21315936,0.209317746,393.3940779,0.0,0.0
995,84.47346529,0.189803711,2.29341974,0.0,0.0
996,1.953755562,1.69389701,0.497429128,1.0,1.0
997,0.993651792,122.0670118,2.070738134,1.0,1.0
998,0.002550803,9.802433958,0.006832933,1.0,1.0
999,0.053404518,0.294497707,0.309981429,1.0,1.0
1000,0.009723219,298.3462248,0.004068107,1.0,1.0
1001,0.889514678,5.061650194,1.77428461,1.0,1.0
1002,0.028303544,83.78073531,0.477861837,1.0,1.0
1003,13.17166334,0.102661269,2.420044915,0.0,0.0
1004,223.0055012,58.28908428,0.005574315,0.0,0.0
1005,4.975508965,0.024499154,0.003286584,0.0,0.0
1006,0.245887492,231.4206627,0.330887223,1.0,1.0
1007,0.6476216580350309,0.03216913452301773,5.4806028493041525,1.0,1.0
1008,0.001777884,57.03586552,0.68186948,1.0,1.0
1009,0.017802031268030177,45.44884621503426,0.07895331690826504,1.0,1.0
1010,0.36084148,9.745328201,15.7254454,0.0,0.0
1011,141.7606731,0.711027901,18.07932565,0.0,0.0
1012,0.038485148,7.956962871,25.75738547,0.0,0.0
1013,1.102400062,0.018427157,6.773142411,1.0,1.0
1014,0.001081779,6.452481002,0.021880521,1.0,1.0
1015,0.158710586,23.21400538,0.007757045,1.0,1.0
1016,0.597220437,48.56424258,0.011855924,1.0,1.0
1017,1.402667882,0.859734893,0.002115641,1.0,1.0
1018,66.52361388,76.60410088,0.078353161,0.0,1.0
1019,1.542825833,13.27914073,0.798768422,1.0,1.0
1020,12.97003397,4.263508075,0.00138555,0.0,0.0
1021,0.0033909446283270557,0.03837503735017249,0.02348031210522897,1.0,1.0
1022,64.83244202,0.265528632,1.428856977,0.0,0.0
1023,69.67828479,0.315611041,59.36318851,0.0,0.0
1024,89.90406802,5.816801999,0.002165739,0.0,0.0
1025,0.020097569,0.127488628,262.5362891,0.0,0.0
1026,12.92016413,0.405268237,0.024453496,0.0,0.0
1027,0.643432248,284.4567191,0.862321578,1.0,1.0
1028,0.038524205,8.544780367,430.7276671,0.0,0.0
1029,0.960903237,0.11022467,375.0915844,0.0,0.0
1030,0.08547192,0.076872569,17.42845231,0.0,0.0
1031,0.037700121,11.88139423,121.8634144,0.0,0.0
1032,0.005811926,0.589260454,12.99876805,0.0,0.0
1033,0.559007764,8.67656659,526.3301436,0.0,0.0
1034,0.04236845202776554,1.0714201758261341,0.005669402505226881,1.0,1.0
1035,0.006803915003054078,0.47680623380973475,0.0028882225706904083,1.0,1.0
1036,0.045333712,1.08122405,0.002184598,1.0,1.0
1037,0.012429995364700824,0.27839966827027296,6.845414034327412,1.0,1.0
1038,0.006926613092459453,39.35105055470956,0.27284325702368145,1.0,1.0
1039,1.225566891,132.6387855,84.86696265,0.0,0.0
1040,398.604611,17.91690107,0.138986394,0.0,0.0
1041,0.098604374,0.042972657,0.001262051,1.0,1.0
1042,0.01711358410847424,222.6270731828068,0.9745386589057177,1.0,1.0
1043,0.015408771,2.73072993,0.765433755,1.0,1.0
1044,0.004118247,1.898488854,0.630500902,1.0,1.0
1045,1.6531486402606608,44.13106741391564,0.005862600754101916,1.0,1.0
1046,0.592804901,1.384553641,172.0900054,0.0,0.0
1047,0.037968242,0.485127954,744.0843079,0.0,0.0
1048,47.93509741,85.43692256,0.007523623,1.0,1.0
1049,0.044867156,0.334223346,11.07220331,0.0,0.0
1050,0.003900085,67.09646765,54.38975135,0.0,0.0
1051,0.049211108,5.106404125,0.07120597,1.0,1.0
1052,3.080045816,0.762393437,0.073046686,0.0,0.0
1053,0.17403105359803317,0.06536334902304035,0.6005019187161994,1.0,1.0
1054,109.48750185571194,159.67996866089698,0.23316899408717215,1.0,0.0
1055,0.002212247,140.1175353,0.057764232,1.0,1.0
1056,0.75650562,0.196099618,0.185424325,1.0,1.0
1057,0.277779724,12.64172629,0.025641364,1.0,1.0
1058,603.0363788,2.50402418,24.61395866,0.0,0.0
1059,0.005873762492197393,3.3211905969549034,0.0069666615395486495,1.0,1.0
1060,200.47073,0.140343169,33.2114084,0.0,0.0
1061,0.7088404036069315,0.041705993739739905,0.025853906405316516,1.0,1.0
1062,112.1908701,2.692799895,0.428866308,0.0,0.0
1063,45.76627148,0.019137325,13.24802244,0.0,0.0
1064,49.0982515,0.070294799,0.070961027,0.0,0.0
1065,0.002351663,64.42736795,0.020742149,1.0,1.0
1066,2.20497648,75.82005862,13.02985105,0.0,0.0
1067,1.3402625670253747,88.33636709893891,2.311254609665168,1.0,1.0
1068,0.001013002,0.030058836,0.158789951,1.0,1.0
1069,0.003161994,1.524700205,0.002228845,1.0,1.0
1070,8.01484163,3.427632622,0.212047502,0.0,0.0
1071,0.002647727,16.71054969,0.016242028,1.0,1.0
1072,120.8191286,1.236802953,29.99795776,0.0,0.0
1073,0.003289499,35.30900858,0.005844728,1.0,1.0
1074,3.024569309830765,85.57014992692719,0.3737856325028655,1.0,1.0
1075,0.001145105,5.084035138,45.31789286,0.0,0.0
1076,0.00339379,240.7282917,6.55052292,1.0,1.0
1077,167.4265112,6.882990587,63.09173849,0.0,0.0
1078,0.011989807105276855,3.961443435575086,0.005759492895949481,1.0,1.0
1079,7.51573024,34.80118147,0.001083941,1.0,1.0
1080,551.4452423,0.124629491,3.480792122,0.0,0.0
1081,12.453573146713385,47.26369413969802,0.09026874077750968,1.0,1.0
1082,0.167897184,13.28568841,0.517511587,1.0,1.0
1083,0.017364037,3.520733177,0.004953468,1.0,1.0
1084,46.09832306,1.314854724,5.817192531,0.0,0.0
1085,312.8865038,2.77331736,574.0726571,0.0,0.0
1086,0.056724091,0.024914269,0.978739632,1.0,1.0
1087,47.75145713,6.164050115,0.598413363,0.0,0.0
1088,14.9333087,0.474997516,0.011854518,0.0,0.0
1089,59.36651524,0.017044727,59.19111018,0.0,0.0
1090,0.11003037516395882,283.48049224675134,0.04805505678992876,1.0,1.0
1091,5.018567893,0.565089514,0.144144631,0.0,0.0
1092,3.858484672,5.461529821,0.032001669,1.0,1.0
1093,38.89712265,26.06717265,23.39161391,0.0,0.0
1094,0.9640972873014167,226.94254305814158,0.03361662434342172,1.0,1.0
1095,13.45879842,108.649048,842.735395,0.0,0.0
1096,884.3764427,1.097793198,0.001746992,0.0,0.0
1097,0.004079989,0.046395613,43.59565407,0.0,0.0
1098,0.8409825260589927,271.25886517242566,0.6846368794204565,1.0,1.0
1099,0.04620352258584322,13.696903568405657,0.006466205995572891,1.0,1.0
1100,0.04510783502758856,56.203961084408704,1.7307761500388297,1.0,1.0
1101,0.015917680539205274,1.2739566614050388,0.06066168552900629,1.0,1.0
1102,4.118191209464781,272.32831786315256,5.455148883298196,1.0,1.0
1103,62.30881124,0.134044852,184.0448907,0.0,0.0
1104,10.43622452,0.032481443,0.467861024,0.0,0.0
1105,19.20822679,49.22969282,0.002102025,1.0,1.0
1106,50.89849946,2.746043459,105.5814868,0.0,0.0
1107,83.9643287,5.784335774,0.2476463,0.0,0.0
1108,0.03484411246444347,2.9061979140217495,0.028059226846681273,1.0,1.0
1109,30.45219486,0.029790788,0.096996252,0.0,0.0
1110,0.2915393542554545,283.8523381788629,0.2696362671243021,1.0,1.0
1111,0.042012804,0.045113292,0.005439745,1.0,1.0
1112,0.02318698,0.909812403,0.031808243,1.0,1.0
1113,0.002171384,264.2998837,16.19157054,0.0,0.0
1114,2.838108348,1.502309359,3.204344233,1.0,0.0
1115,1.913314761,7.674946257,6.962678551,1.0,1.0
1116,1.55923397,4.954120243,55.00943502,0.0,0.0
1117,23.30202912,0.043431753,0.565093222,0.0,0.0
1118,0.034662178443987224,14.279690352428258,0.09898861802568251,1.0,1.0
1119,11.03843441,0.843329785,0.958736375,0.0,0.0
1120,912.4277221,0.116507848,0.069061496,0.0,0.0
1121,1.286859504,0.025935655,0.001044786,1.0,1.0
1122,1.0632877253146256,0.05608413123190109,0.890719186045656,1.0,1.0
1123,14.44311352,0.878371089,0.012377363,0.0,0.0
1124,0.002885084,108.7024963,37.70420883,0.0,0.0
1125,319.0461948,10.40849965,18.81785468,0.0,0.0
1126,0.027804212,1.920673993,0.027134917,1.0,1.0
1127,32.4078062,0.328906114,4.36950494,0.0,0.0
1128,0.405837682,1.594612802,4.326627723,1.0,1.0
1129,0.001310588,0.033596064,4.678425836,1.0,1.0
1130,0.04921995928454453,0.6453771572332097,0.0026129782784191057,1.0,1.0
1131,121.726772,111.3734644,346.4633826,0.0,0.0
1132,1.83467133,0.090463654,587.7144574,0.0,0.0
1133,15.31569275,2.637049164,0.341203715,0.0,0.0
1134,0.093969197,1.044999279,1.004938783,1.0,1.0
1135,9.045862753,132.3805901,599.8728149,0.0,0.0
1136,152.6614936,4.98963901,0.004062259,0.0,0.0
1137,0.119271626,0.022113827,21.62418804,0.0,0.0
1138,0.772602402,118.4657366,0.034222299,1.0,1.0
1139,1.630314729,44.13542454,0.005897223,1.0,1.0
1140,0.14274329267969965,0.7537264086895027,2.492037417228736,1.0,1.0
1141,52.85533991,69.33622011,1.364980019,1.0,1.0
1142,0.039626659,10.08399845,0.05743859,1.0,1.0
1143,0.200227011,0.604753672,0.203919227,1.0,1.0
1144,224.8024754,0.024627295,20.89272341,0.0,0.0
1145,0.001500663,0.218196641,33.06423104,0.0,0.0
1146,0.00468790914886808,3.217135074063075,0.34633534226297735,1.0,1.0
1147,25.79308949,8.116215984,251.8268121,0.0,0.0
1148,0.26610968386983264,0.20281113288395802,1.8324509481603128,1.0,1.0
1149,0.007480309,0.503528678,1.984971182,1.0,1.0
1150,0.16817022212355803,189.79928695485313,0.3696668943159077,1.0,1.0
1151,2.91223119,76.30583263,0.00403067,1.0,1.0
1152,0.03237562308763162,0.030656405543337217,0.6744998745876766,1.0,1.0
1153,0.06662141524215422,0.07908607419042366,0.004254205401209965,1.0,1.0
1154,0.012548263966174271,0.17436255626603936,0.005997438394854183,1.0,1.0
1155,45.98321044,28.64139029,0.029250755,0.0,1.0
1156,0.508730386,0.055180863,0.018249841,1.0,1.0
1157,1.88886673,26.908901,157.7726545,0.0,0.0
1158,12.19831447,2.470993579,0.003967781,0.0,0.0
1159,112.8185903,0.066407876,0.097418174,0.0,0.0
1160,768.6632387,0.106699701,3.669689857,0.0,0.0
1161,0.017156895,0.159961366,0.150853354,1.0,1.0
